id,approval_status,approval_time,approved_by,created_time,mrs_token_name,updated_time,project_id
2704,approved,,314,2025-06-14 12:05:33.642718,4,2025-06-14 12:05:54.6115,254
2754,pending,,,2025-06-16 15:52:45.642093,4,2025-06-16 15:52:45.642104,250
2755,approved,,320,2025-06-16 15:55:37.391908,4,2025-06-18 04:28:41.660588,252
2534,approved,,335,2025-06-14 10:41:46.470919,1,2025-06-18 09:32:39.694626,257
3162,approved,,314,2025-06-21 05:15:28.262738,5,2025-06-21 06:03:06.992501,254
4149,approved,,314,2025-07-09 11:05:13.963799,5,2025-07-09 11:08:26.526289,250
4346,approved,,314,2025-07-14 07:14:27.846121,1,2025-07-14 08:52:08.875066,251
4432,approved,,341,2025-07-15 12:12:02.892077,34,2025-07-15 12:13:13.538314,259
4613,approved,,314,2025-07-17 11:33:43.34389,2,2025-07-17 13:32:13.551417,251
6037,approved,,314,2025-07-23 11:33:28.926309,3,2025-07-23 14:44:26.808499,251
6183,approved,,314,2025-07-26 10:11:08.457698,5,2025-08-01 06:01:36.129819,251
6170,approved,,314,2025-07-25 12:32:34.637477,4,2025-08-01 06:01:43.770847,251
6592,approved,,314,2025-08-02 13:04:41.358724,6,2025-08-02 13:05:20.284149,251
6768,approved,,314,2025-08-06 13:40:01.719089,4,2025-08-07 08:23:47.609869,253
6767,approved,,314,2025-08-06 13:38:37.829484,6,2025-08-07 08:23:53.497581,254
7820,approved,,314,2025-08-29 09:26:55.950057,7,2025-08-29 09:32:46.826167,251
39,approved,,320,2025-05-16 04:19:39.759257,1,2025-05-16 04:32:57.200658,252
40,approved,,320,2025-05-16 04:24:43.279418,1,2025-05-16 04:33:06.82924,250
6817,approved,,335,2025-08-08 04:59:59.53484,1,2025-08-29 12:11:15.866152,258
55,approved,,320,2025-05-22 05:13:14.17776,2,2025-05-22 16:54:55.659635,252
136,approved,,314,2025-05-23 06:23:15.621095,1,2025-05-23 10:02:55.530761,253
137,approved,,314,2025-05-23 06:26:50.948736,1,2025-05-23 10:03:00.940044,254
138,approved,,314,2025-05-23 06:47:54.59025,2,2025-05-23 10:03:07.346174,253
135,approved,,320,2025-05-23 05:28:51.387916,2,2025-05-23 16:05:10.292406,250
974,approved,,314,2025-05-30 09:08:00.264473,2,2025-05-30 09:49:15.638809,254
973,approved,,314,2025-05-30 09:06:51.710725,3,2025-05-30 09:49:26.683342,253
1283,approved,,320,2025-06-02 12:50:56.050988,3,2025-06-02 17:34:54.453453,252
1284,approved,,333,2025-06-02 12:55:12.049584,3,2025-06-04 09:03:23.544353,250
1728,approved,,314,2025-06-06 12:12:10.339207,3,2025-06-07 10:20:02.242778,254
2285,approved,,335,2025-06-12 06:58:19.358767,1,2025-06-12 06:58:42.354732,256
7821,approved,,314,2025-08-29 09:32:50.469759,8,2025-08-30 07:50:17.212779,251
7871,approved,,314,2025-08-30 09:01:23.138062,5,2025-08-30 16:23:34.739599,253
7870,approved,,314,2025-08-30 09:00:35.390939,7,2025-08-30 16:23:39.307086,254
8034,approved,,314,2025-09-02 12:14:04.701644,6,2025-09-03 03:36:51.426448,250
8035,approved,,314,2025-09-02 12:14:46.930557,7,2025-09-03 03:36:56.86768,250
8168,approved,,314,2025-09-08 05:37:30.882169,1,2025-09-08 05:41:07.314148,262
8179,approved,,350,2025-09-09 06:39:12.292895,123,2025-09-09 06:42:07.956443,263
8180,approved,,350,2025-09-10 05:04:00.645086,111,2025-09-10 05:05:10.272585,263
8251,approved,,335,2025-09-19 10:51:34.735227,1,2025-09-19 11:42:12.55944,260
8371,approved,,314,2025-09-22 07:24:25.024229,9,2025-09-22 07:25:30.538592,251
8453,approved,,314,2025-09-23 12:46:29.36796,2,2025-09-27 06:07:35.004969,260
8844,approved,,314,2025-10-08 06:12:55.201293,1,2025-10-08 06:16:57.367726,265
9311,approved,,314,2025-10-14 11:40:36.427501,1,2025-10-14 11:41:01.205433,269
9482,approved,,314,2025-10-15 12:50:42.5528,1,2025-10-15 12:50:52.866087,270
9734,approved,,314,2025-10-24 12:24:40.160951,2,2025-10-24 12:25:32.71043,265
