id,created_at,revision,scope_quantity,updated_at,boq_lines_id,project_id,boq_version_ref_id
61,2025-05-15 11:15:58.511692,1,12,2025-05-15 11:15:58.511695,106,250,8
62,2025-05-15 11:15:58.577946,1,140,2025-05-15 11:15:58.577949,101,250,8
63,2025-05-15 11:15:58.64415,1,2,2025-05-15 11:15:58.644153,143,250,8
64,2025-05-15 11:15:58.710227,1,677,2025-05-15 11:15:58.710229,121,250,8
65,2025-05-15 11:15:58.776453,1,766,2025-05-15 11:15:58.776456,117,250,8
66,2025-05-15 11:15:58.842734,1,119,2025-05-15 11:15:58.842737,113,250,8
67,2025-05-15 11:15:58.908861,1,120,2025-05-15 11:15:58.908864,77,250,8
68,2025-05-15 11:15:58.975059,1,910,2025-05-15 11:15:58.975062,57,250,8
69,2025-05-15 11:15:59.041319,1,139,2025-05-15 11:15:59.041322,107,250,8
70,2025-05-15 11:15:59.107889,1,140,2025-05-15 11:15:59.107892,59,250,8
71,2025-05-15 11:15:59.174038,1,69,2025-05-15 11:15:59.17404,62,250,8
72,2025-05-15 11:15:59.24026,1,22460,2025-05-15 11:15:59.240262,2,250,8
73,2025-05-15 11:16:16.244041,1,121,2025-05-15 11:16:16.244043,101,252,9
74,2025-05-15 11:16:16.308449,1,897,2025-05-15 11:16:16.308452,121,252,9
75,2025-05-15 11:16:16.372843,1,544,2025-05-15 11:16:16.372845,117,252,9
76,2025-05-15 11:16:16.437215,1,85,2025-05-15 11:16:16.437218,113,252,9
77,2025-05-15 11:16:16.501583,1,72,2025-05-15 11:16:16.501586,77,252,9
78,2025-05-15 11:16:16.565843,1,775,2025-05-15 11:16:16.565846,57,252,9
79,2025-05-15 11:16:16.630168,1,121,2025-05-15 11:16:16.630172,107,252,9
80,2025-05-15 11:16:16.694598,1,99,2025-05-15 11:16:16.694601,59,252,9
81,2025-05-15 11:16:16.759447,1,19104,2025-05-15 11:16:16.75945,2,252,9
82,2025-05-15 11:16:16.823739,1,48,2025-05-15 11:16:16.823741,144,252,9
83,2025-05-15 11:16:16.888235,1,26,2025-05-15 11:16:16.888238,130,252,9
84,2025-05-15 11:16:16.952632,1,16,2025-05-15 11:16:16.952635,140,252,9
85,2025-05-15 11:16:17.01705,1,635,2025-05-15 11:16:17.017052,75,252,9
86,2025-05-15 11:16:17.081424,1,1046,2025-05-15 11:16:17.081427,1,252,9
87,2025-05-15 11:16:17.145803,1,89,2025-05-15 11:16:17.145806,3,252,9
88,2025-05-15 11:16:17.210191,1,3656,2025-05-15 11:16:17.210194,16,252,9
89,2025-05-15 11:16:17.274547,1,3894,2025-05-15 11:16:17.27455,5,252,9
90,2025-05-15 11:16:17.338889,1,181,2025-05-15 11:16:17.338892,7,252,9
91,2025-05-15 11:16:17.403422,1,282,2025-05-15 11:16:17.403425,45,252,9
92,2025-05-15 11:16:17.467672,1,24,2025-05-15 11:16:17.467674,146,252,9
93,2025-05-15 11:16:17.531896,1,144,2025-05-15 11:16:17.531898,147,252,9
94,2025-05-15 11:16:17.596732,1,239,2025-05-15 11:16:17.596735,35,252,9
95,2025-05-15 11:16:17.660986,1,56,2025-05-15 11:16:17.660988,21,252,9
96,2025-05-15 11:16:17.725227,1,21,2025-05-15 11:16:17.725229,148,252,9
97,2025-05-15 11:16:17.789607,1,81,2025-05-15 11:16:17.789609,20,252,9
98,2025-05-15 11:16:17.853956,1,301,2025-05-15 11:16:17.853959,131,252,9
99,2025-05-15 11:16:17.918492,1,91,2025-05-15 11:16:17.918494,149,252,9
100,2025-05-15 11:16:17.982836,1,350,2025-05-15 11:16:17.982839,31,252,9
101,2025-05-15 11:16:18.04709,1,203,2025-05-15 11:16:18.047093,150,252,9
102,2025-05-15 11:16:18.111568,1,140,2025-05-15 11:16:18.111571,32,252,9
103,2025-05-15 11:16:18.175812,1,27067,2025-05-15 11:16:18.175816,152,252,9
104,2025-05-15 11:16:18.240095,1,6500,2025-05-15 11:16:18.240098,153,252,9
105,2025-05-15 11:16:18.304377,1,180,2025-05-15 11:16:18.30438,154,252,9
106,2025-05-15 11:16:18.36864,1,4,2025-05-15 11:16:18.368643,155,252,9
107,2025-05-15 11:16:18.432966,1,97,2025-05-15 11:16:18.432969,156,252,9
108,2025-05-15 11:16:18.497229,1,773,2025-05-15 11:16:18.497232,157,252,9
109,2025-05-15 11:16:18.562081,1,103,2025-05-15 11:16:18.562084,158,252,9
468,2025-10-14 11:31:50.609955,1,82,2025-10-14 11:31:50.609957,101,269,30
469,2025-10-14 11:31:50.672836,1,134,2025-10-14 11:31:50.672839,113,269,30
470,2025-10-14 11:31:50.734822,1,20,2025-10-14 11:31:50.734825,110,269,30
471,2025-10-14 11:31:50.796741,1,40,2025-10-14 11:31:50.796745,190,269,30
472,2025-10-14 11:31:50.858688,1,57,2025-10-14 11:31:50.858691,191,269,30
473,2025-10-14 11:31:50.921294,1,43,2025-10-14 11:31:50.921296,49,269,30
474,2025-10-14 11:31:50.983131,1,100,2025-10-14 11:31:50.983134,192,269,30
475,2025-10-14 11:31:51.045056,1,13,2025-10-14 11:31:51.045059,107,269,30
476,2025-10-14 11:31:51.106978,1,28,2025-10-14 11:31:51.106981,144,269,30
477,2025-10-14 11:31:51.168844,1,1264,2025-10-14 11:31:51.168847,75,269,30
478,2025-10-14 11:31:51.230906,1,47,2025-10-14 11:31:51.230908,88,269,30
479,2025-10-14 11:31:51.292863,1,105,2025-10-14 11:31:51.292866,193,269,30
480,2025-10-14 11:31:51.354635,1,101,2025-10-14 11:31:51.354638,120,269,30
481,2025-10-14 11:31:51.416552,1,1832,2025-10-14 11:31:51.416555,68,269,30
482,2025-10-14 11:31:51.478269,1,270,2025-10-14 11:31:51.478272,121,269,30
483,2025-10-14 11:31:51.540628,1,8,2025-10-14 11:31:51.540631,100,269,30
484,2025-10-14 11:31:51.602696,1,2,2025-10-14 11:31:51.602699,194,269,30
485,2025-10-14 11:31:51.664801,1,36,2025-10-14 11:31:51.664804,195,269,30
486,2025-10-14 11:31:51.726629,1,13,2025-10-14 11:31:51.726632,196,269,30
487,2025-10-14 11:31:51.788683,1,755,2025-10-14 11:31:51.788686,117,269,30
488,2025-10-14 11:31:51.850731,1,3513,2025-10-14 11:31:51.850734,57,269,30
489,2025-10-14 11:31:51.912553,1,226,2025-10-14 11:31:51.912555,59,269,30
490,2025-10-14 11:31:51.97435,1,54921,2025-10-14 11:31:51.974353,2,269,30
122,2025-05-22 07:48:17.645794,1,126,2025-05-22 07:48:17.645797,113,253,12
123,2025-05-22 07:48:17.709314,1,42,2025-05-22 07:48:17.709317,103,253,12
124,2025-05-22 07:48:17.772765,1,10,2025-05-22 07:48:17.772768,102,253,12
125,2025-05-22 07:48:17.836922,1,46,2025-05-22 07:48:17.836925,107,253,12
126,2025-05-22 07:48:17.90023,1,80,2025-05-22 07:48:17.900235,49,253,12
127,2025-05-22 07:48:17.964117,1,128,2025-05-22 07:48:17.96412,60,253,12
128,2025-05-22 07:48:18.027824,1,80,2025-05-22 07:48:18.027828,59,253,12
129,2025-05-22 07:48:18.091388,1,760,2025-05-22 07:48:18.091391,117,253,12
130,2025-05-22 07:48:18.154891,1,262,2025-05-22 07:48:18.154894,121,253,12
131,2025-05-22 07:48:18.218338,1,252,2025-05-22 07:48:18.218342,65,253,12
132,2025-05-22 07:48:18.281748,1,12,2025-05-22 07:48:18.281751,74,253,12
133,2025-05-22 07:48:18.345476,1,232,2025-05-22 07:48:18.345479,57,253,12
134,2025-05-22 07:48:18.409262,1,740,2025-05-22 07:48:18.409265,62,253,12
135,2025-05-22 07:48:18.472665,1,52,2025-05-22 07:48:18.472667,55,253,12
136,2025-05-22 07:48:18.536092,1,12,2025-05-22 07:48:18.536094,162,253,12
137,2025-05-22 07:48:18.599775,1,12056,2025-05-22 07:48:18.599778,2,253,12
138,2025-05-22 07:48:18.663079,1,34,2025-05-22 07:48:18.663082,156,253,12
139,2025-05-22 07:48:18.726926,1,68,2025-05-22 07:48:18.726929,157,253,12
140,2025-05-22 07:48:18.79016,1,10,2025-05-22 07:48:18.790163,21,253,12
141,2025-05-22 07:48:18.853457,1,28,2025-05-22 07:48:18.853461,35,253,12
142,2025-05-22 07:48:18.916723,1,34,2025-05-22 07:48:18.916726,28,253,12
143,2025-05-22 07:48:18.980294,1,16261,2025-05-22 07:48:18.980297,163,253,12
144,2025-05-22 07:48:19.04396,1,6004,2025-05-22 07:48:19.043963,164,253,12
145,2025-05-22 07:48:19.107462,1,86,2025-05-22 07:48:19.107465,31,253,12
146,2025-05-22 07:48:19.170984,1,5162,2025-05-22 07:48:19.170987,17,253,12
147,2025-05-22 07:48:19.234504,1,108,2025-05-22 07:48:19.234506,165,253,12
148,2025-05-22 07:48:19.297876,1,7175,2025-05-22 07:48:19.297879,5,253,12
149,2025-05-22 07:48:19.361468,1,151,2025-05-22 07:48:19.361471,166,253,12
150,2025-05-22 07:48:19.424826,1,39924,2025-05-22 07:48:19.424829,152,253,12
151,2025-05-22 07:48:19.488062,1,34,2025-05-22 07:48:19.488066,167,253,12
152,2025-05-22 07:48:31.41833,1,126,2025-05-22 07:48:31.418332,113,254,13
153,2025-05-22 07:48:31.481375,1,42,2025-05-22 07:48:31.481377,103,254,13
154,2025-05-22 07:48:31.544519,1,10,2025-05-22 07:48:31.544522,102,254,13
155,2025-05-22 07:48:31.607588,1,46,2025-05-22 07:48:31.607591,107,254,13
156,2025-05-22 07:48:31.670515,1,80,2025-05-22 07:48:31.670519,49,254,13
157,2025-05-22 07:48:31.733512,1,128,2025-05-22 07:48:31.733515,60,254,13
158,2025-05-22 07:48:31.796568,1,80,2025-05-22 07:48:31.796572,59,254,13
159,2025-05-22 07:48:31.859743,1,760,2025-05-22 07:48:31.859746,117,254,13
160,2025-05-22 07:48:31.923021,1,262,2025-05-22 07:48:31.923023,121,254,13
161,2025-05-22 07:48:31.986019,1,252,2025-05-22 07:48:31.986022,65,254,13
162,2025-05-22 07:48:32.049166,1,12,2025-05-22 07:48:32.049169,74,254,13
163,2025-05-22 07:48:32.112122,1,232,2025-05-22 07:48:32.112124,57,254,13
164,2025-05-22 07:48:32.174994,1,740,2025-05-22 07:48:32.175004,62,254,13
165,2025-05-22 07:48:32.238007,1,52,2025-05-22 07:48:32.238009,55,254,13
166,2025-05-22 07:48:32.300954,1,12,2025-05-22 07:48:32.300957,162,254,13
167,2025-05-22 07:48:32.364429,1,12056,2025-05-22 07:48:32.364432,2,254,13
168,2025-05-22 07:48:32.427337,1,34,2025-05-22 07:48:32.42734,156,254,13
169,2025-05-22 07:48:32.490219,1,68,2025-05-22 07:48:32.490222,157,254,13
170,2025-05-22 07:48:32.553201,1,10,2025-05-22 07:48:32.553204,21,254,13
171,2025-05-22 07:48:32.616411,1,28,2025-05-22 07:48:32.616414,35,254,13
172,2025-05-22 07:48:32.680364,1,34,2025-05-22 07:48:32.680367,28,254,13
173,2025-05-22 07:48:32.743195,1,16261,2025-05-22 07:48:32.743197,163,254,13
174,2025-05-22 07:48:32.806081,1,6004,2025-05-22 07:48:32.806084,164,254,13
175,2025-05-22 07:48:32.868886,1,86,2025-05-22 07:48:32.868888,31,254,13
176,2025-05-22 07:48:32.931833,1,5162,2025-05-22 07:48:32.931835,17,254,13
177,2025-05-22 07:48:32.994776,1,108,2025-05-22 07:48:32.994778,165,254,13
178,2025-05-22 07:48:33.057941,1,7175,2025-05-22 07:48:33.057944,5,254,13
179,2025-05-22 07:48:33.120783,1,151,2025-05-22 07:48:33.120786,166,254,13
180,2025-05-22 07:48:33.184048,1,39924,2025-05-22 07:48:33.184051,152,254,13
181,2025-05-22 07:48:33.247185,1,34,2025-05-22 07:48:33.247188,167,254,13
491,2025-10-14 12:21:56.37708,2,69,2025-10-14 12:21:56.377083,173,269,31
492,2025-10-14 12:21:56.43931,2,50,2025-10-14 12:21:56.439313,174,269,31
493,2025-10-14 12:21:56.501395,2,231,2025-10-14 12:21:56.501397,113,269,31
494,2025-10-14 12:21:56.564035,2,17,2025-10-14 12:21:56.564038,175,269,31
495,2025-10-14 12:21:56.626451,2,21,2025-10-14 12:21:56.626454,112,269,31
496,2025-10-14 12:21:56.688722,2,86,2025-10-14 12:21:56.688725,107,269,31
188,2025-06-03 13:51:56.967812,1,72,2025-06-03 13:51:56.967815,101,256,15
189,2025-06-03 13:51:57.030868,1,990,2025-06-03 13:51:57.030871,168,256,15
190,2025-06-03 13:51:57.093932,1,1723,2025-06-03 13:51:57.093934,169,256,15
191,2025-06-03 13:51:57.156837,1,306,2025-06-03 13:51:57.15684,170,256,15
192,2025-06-03 13:51:57.229754,1,26733,2025-06-03 13:51:57.229756,171,256,15
193,2025-06-03 13:51:57.293367,1,26733,2025-06-03 13:51:57.29337,8,256,15
194,2025-06-13 09:35:20.648982,1,72,2025-06-13 09:35:20.648983,101,257,16
195,2025-06-13 09:35:20.711006,1,1012,2025-06-13 09:35:20.711007,168,257,16
196,2025-06-13 09:35:20.774121,1,2407,2025-06-13 09:35:20.774123,169,257,16
197,2025-06-13 09:35:20.836135,1,810,2025-06-13 09:35:20.836136,170,257,16
198,2025-06-13 09:35:20.8982,1,26733,2025-06-13 09:35:20.898201,171,257,16
199,2025-06-13 09:35:20.960299,1,26733,2025-06-13 09:35:20.9603,8,257,16
200,2025-06-13 09:36:12.397403,1,72,2025-06-13 09:36:12.397404,101,258,17
201,2025-06-13 09:36:12.459212,1,1304,2025-06-13 09:36:12.459213,168,258,17
202,2025-06-13 09:36:12.521068,1,3075,2025-06-13 09:36:12.52107,169,258,17
203,2025-06-13 09:36:12.58305,1,810,2025-06-13 09:36:12.583051,170,258,17
204,2025-06-13 09:36:12.644918,1,26733,2025-06-13 09:36:12.64492,171,258,17
205,2025-06-13 09:36:12.706859,1,26733,2025-06-13 09:36:12.70686,8,258,17
206,2025-06-13 09:37:18.174023,2,72,2025-06-13 09:37:18.174024,101,256,18
207,2025-06-13 09:37:18.236733,2,990,2025-06-13 09:37:18.236734,168,256,18
208,2025-06-13 09:37:18.2994,2,1723,2025-06-13 09:37:18.299401,169,256,18
209,2025-06-13 09:37:18.362284,2,306,2025-06-13 09:37:18.362285,170,256,18
210,2025-06-13 09:37:18.424939,2,26733,2025-06-13 09:37:18.42494,171,256,18
211,2025-06-13 09:37:18.487517,2,26733,2025-06-13 09:37:18.487517,8,256,18
212,2025-07-10 10:38:07.705381,1,50,2025-07-10 10:38:07.705382,173,251,19
213,2025-07-10 10:38:07.770612,1,50,2025-07-10 10:38:07.770613,174,251,19
214,2025-07-10 10:38:07.835804,1,231,2025-07-10 10:38:07.835805,113,251,19
215,2025-07-10 10:38:07.900985,1,17,2025-07-10 10:38:07.900987,175,251,19
216,2025-07-10 10:38:07.966257,1,21,2025-07-10 10:38:07.966258,112,251,19
217,2025-07-10 10:38:08.031396,1,86,2025-07-10 10:38:08.031397,107,251,19
218,2025-07-10 10:38:08.096669,1,33,2025-07-10 10:38:08.09667,176,251,19
219,2025-07-10 10:38:08.161788,1,40,2025-07-10 10:38:08.161789,105,251,19
220,2025-07-10 10:38:08.2271,1,74,2025-07-10 10:38:08.227101,177,251,19
221,2025-07-10 10:38:08.292274,1,132,2025-07-10 10:38:08.292275,178,251,19
222,2025-07-10 10:38:08.357449,1,91,2025-07-10 10:38:08.357451,49,251,19
223,2025-07-10 10:38:08.422597,1,235,2025-07-10 10:38:08.422598,77,251,19
224,2025-07-10 10:38:08.487754,1,48,2025-07-10 10:38:08.487754,140,251,19
225,2025-07-10 10:38:08.552871,1,67,2025-07-10 10:38:08.552872,118,251,19
226,2025-07-10 10:38:08.621094,1,44,2025-07-10 10:38:08.621095,120,251,19
227,2025-07-10 10:38:08.686206,1,925,2025-07-10 10:38:08.686207,121,251,19
228,2025-07-10 10:38:08.751326,1,1123,2025-07-10 10:38:08.751327,119,251,19
229,2025-07-10 10:38:08.816484,1,60,2025-07-10 10:38:08.816485,179,251,19
230,2025-07-10 10:38:08.882021,1,238,2025-07-10 10:38:08.882023,98,251,19
231,2025-07-10 10:38:08.94723,1,264,2025-07-10 10:38:08.947231,180,251,19
232,2025-07-10 10:38:09.012354,1,140,2025-07-10 10:38:09.012355,63,251,19
233,2025-07-10 10:38:09.077547,1,36,2025-07-10 10:38:09.077548,181,251,19
234,2025-07-10 10:38:09.142711,1,64,2025-07-10 10:38:09.142713,144,251,19
235,2025-07-10 10:38:09.207803,1,2611,2025-07-10 10:38:09.207805,182,251,19
236,2025-07-10 10:38:09.273015,1,122,2025-07-10 10:38:09.273017,183,251,19
237,2025-07-10 10:38:09.338244,1,78,2025-07-10 10:38:09.338245,48,251,19
238,2025-07-10 10:38:09.403433,1,3462,2025-07-10 10:38:09.403435,68,251,19
239,2025-07-10 10:38:09.468724,1,4,2025-07-10 10:38:09.468725,125,251,19
240,2025-07-10 10:38:09.53408,1,1,2025-07-10 10:38:09.534081,135,251,19
241,2025-07-10 10:38:09.599202,1,381,2025-07-10 10:38:09.599204,184,251,19
242,2025-07-10 10:38:09.664383,1,219,2025-07-10 10:38:09.664384,185,251,19
243,2025-07-10 10:38:09.729554,1,1270,2025-07-10 10:38:09.729554,186,251,19
244,2025-07-10 10:38:09.794726,1,451,2025-07-10 10:38:09.794727,57,251,19
245,2025-07-10 10:38:09.859852,1,37,2025-07-10 10:38:09.859853,187,251,19
246,2025-07-10 10:38:09.924987,1,325,2025-07-10 10:38:09.924988,188,251,19
247,2025-07-10 10:38:09.990142,1,438,2025-07-10 10:38:09.990144,189,251,19
497,2025-10-14 12:21:56.7509,2,33,2025-10-14 12:21:56.750904,176,269,31
498,2025-10-14 12:21:56.813023,2,40,2025-10-14 12:21:56.813026,105,269,31
499,2025-10-14 12:21:56.875141,2,74,2025-10-14 12:21:56.875144,177,269,31
500,2025-10-14 12:21:56.937293,2,132,2025-10-14 12:21:56.937296,178,269,31
501,2025-10-14 12:21:56.999439,2,91,2025-10-14 12:21:56.999442,49,269,31
502,2025-10-14 12:21:57.061637,2,235,2025-10-14 12:21:57.061641,77,269,31
503,2025-10-14 12:21:57.123942,2,48,2025-10-14 12:21:57.123945,140,269,31
504,2025-10-14 12:21:57.186143,2,67,2025-10-14 12:21:57.186146,118,269,31
505,2025-10-14 12:21:57.248298,2,925,2025-10-14 12:21:57.248301,121,269,31
506,2025-10-14 12:21:57.31082,2,1123,2025-10-14 12:21:57.310823,119,269,31
258,2025-07-23 10:57:03.064341,2,69,2025-07-23 10:57:03.064345,173,251,21
259,2025-07-23 10:57:03.12983,2,50,2025-07-23 10:57:03.129833,174,251,21
260,2025-07-23 10:57:03.214801,2,231,2025-07-23 10:57:03.214804,113,251,21
261,2025-07-23 10:57:03.279715,2,17,2025-07-23 10:57:03.279718,175,251,21
262,2025-07-23 10:57:03.344589,2,21,2025-07-23 10:57:03.344592,112,251,21
263,2025-07-23 10:57:03.409386,2,86,2025-07-23 10:57:03.409389,107,251,21
264,2025-07-23 10:57:03.474305,2,33,2025-07-23 10:57:03.474307,176,251,21
265,2025-07-23 10:57:03.539376,2,40,2025-07-23 10:57:03.539379,105,251,21
266,2025-07-23 10:57:03.604215,2,74,2025-07-23 10:57:03.604219,177,251,21
267,2025-07-23 10:57:03.669038,2,132,2025-07-23 10:57:03.66904,178,251,21
268,2025-07-23 10:57:03.73399,2,91,2025-07-23 10:57:03.733993,49,251,21
269,2025-07-23 10:57:03.798729,2,235,2025-07-23 10:57:03.798732,77,251,21
270,2025-07-23 10:57:03.863669,2,48,2025-07-23 10:57:03.863672,140,251,21
271,2025-07-23 10:57:03.928449,2,67,2025-07-23 10:57:03.928452,118,251,21
272,2025-07-23 10:57:03.993188,2,44,2025-07-23 10:57:03.993191,120,251,21
273,2025-07-23 10:57:04.058211,2,925,2025-07-23 10:57:04.058214,121,251,21
274,2025-07-23 10:57:04.12382,2,1123,2025-07-23 10:57:04.123823,119,251,21
275,2025-07-23 10:57:04.188504,2,60,2025-07-23 10:57:04.188506,179,251,21
276,2025-07-23 10:57:04.253215,2,238,2025-07-23 10:57:04.253218,98,251,21
277,2025-07-23 10:57:04.318026,2,264,2025-07-23 10:57:04.318029,180,251,21
278,2025-07-23 10:57:04.382805,2,140,2025-07-23 10:57:04.382809,63,251,21
279,2025-07-23 10:57:04.447479,2,36,2025-07-23 10:57:04.447482,181,251,21
280,2025-07-23 10:57:04.512158,2,64,2025-07-23 10:57:04.512161,144,251,21
281,2025-07-23 10:57:04.576953,2,2611,2025-07-23 10:57:04.576956,182,251,21
282,2025-07-23 10:57:04.641606,2,122,2025-07-23 10:57:04.64161,183,251,21
283,2025-07-23 10:57:04.706389,2,78,2025-07-23 10:57:04.706392,48,251,21
284,2025-07-23 10:57:04.771202,2,3462,2025-07-23 10:57:04.771206,68,251,21
285,2025-07-23 10:57:04.835969,2,4,2025-07-23 10:57:04.835972,125,251,21
286,2025-07-23 10:57:04.900968,2,1,2025-07-23 10:57:04.900971,135,251,21
287,2025-07-23 10:57:04.965832,2,381,2025-07-23 10:57:04.965835,184,251,21
288,2025-07-23 10:57:05.03078,2,219,2025-07-23 10:57:05.030783,185,251,21
289,2025-07-23 10:57:05.095639,2,1270,2025-07-23 10:57:05.095642,186,251,21
290,2025-07-23 10:57:05.160373,2,451,2025-07-23 10:57:05.160376,57,251,21
291,2025-07-23 10:57:05.225074,2,37,2025-07-23 10:57:05.225077,187,251,21
292,2025-07-23 10:57:05.289977,2,325,2025-07-23 10:57:05.28998,188,251,21
293,2025-07-23 10:57:05.354873,2,438,2025-07-23 10:57:05.354876,189,251,21
294,2025-08-30 07:48:21.876807,1,82,2025-08-30 07:48:21.876809,101,260,22
295,2025-08-30 07:48:21.936089,1,134,2025-08-30 07:48:21.93609,113,260,22
296,2025-08-30 07:48:21.994817,1,20,2025-08-30 07:48:21.994818,110,260,22
297,2025-08-30 07:48:22.053534,1,40,2025-08-30 07:48:22.053536,190,260,22
298,2025-08-30 07:48:22.112327,1,57,2025-08-30 07:48:22.112329,191,260,22
299,2025-08-30 07:48:22.171124,1,43,2025-08-30 07:48:22.171125,49,260,22
300,2025-08-30 07:48:22.229918,1,100,2025-08-30 07:48:22.22992,192,260,22
301,2025-08-30 07:48:22.288648,1,13,2025-08-30 07:48:22.28865,107,260,22
302,2025-08-30 07:48:22.347482,1,28,2025-08-30 07:48:22.347483,144,260,22
303,2025-08-30 07:48:22.406723,1,1264,2025-08-30 07:48:22.406724,75,260,22
304,2025-08-30 07:48:22.46549,1,47,2025-08-30 07:48:22.465491,88,260,22
305,2025-08-30 07:48:22.524273,1,105,2025-08-30 07:48:22.524282,193,260,22
306,2025-08-30 07:48:22.583032,1,101,2025-08-30 07:48:22.583033,120,260,22
307,2025-08-30 07:48:22.641898,1,1832,2025-08-30 07:48:22.641898,68,260,22
308,2025-08-30 07:48:22.700578,1,270,2025-08-30 07:48:22.700578,121,260,22
309,2025-08-30 07:48:22.759358,1,8,2025-08-30 07:48:22.759359,100,260,22
310,2025-08-30 07:48:22.81804,1,2,2025-08-30 07:48:22.818041,194,260,22
311,2025-08-30 07:48:22.876804,1,36,2025-08-30 07:48:22.876805,195,260,22
312,2025-08-30 07:48:22.93551,1,13,2025-08-30 07:48:22.935511,196,260,22
313,2025-08-30 07:48:22.994285,1,755,2025-08-30 07:48:22.994286,117,260,22
314,2025-08-30 07:48:23.053108,1,3513,2025-08-30 07:48:23.05311,57,260,22
315,2025-08-30 07:48:23.111902,1,226,2025-08-30 07:48:23.111903,59,260,22
316,2025-08-30 07:48:23.170692,1,54921,2025-08-30 07:48:23.170693,2,260,22
507,2025-10-14 12:21:57.372976,2,60,2025-10-14 12:21:57.372978,179,269,31
508,2025-10-14 12:21:57.435089,2,238,2025-10-14 12:21:57.435092,98,269,31
509,2025-10-14 12:21:57.497294,2,264,2025-10-14 12:21:57.497297,180,269,31
510,2025-10-14 12:21:57.559597,2,140,2025-10-14 12:21:57.5596,63,269,31
511,2025-10-14 12:21:57.621931,2,36,2025-10-14 12:21:57.621935,181,269,31
512,2025-10-14 12:21:57.684092,2,64,2025-10-14 12:21:57.684094,144,269,31
513,2025-10-14 12:21:57.746343,2,2611,2025-10-14 12:21:57.746347,182,269,31
514,2025-10-14 12:21:57.808662,2,122,2025-10-14 12:21:57.808665,183,269,31
515,2025-10-14 12:21:57.870878,2,78,2025-10-14 12:21:57.870881,48,269,31
516,2025-10-14 12:21:57.933059,2,3462,2025-10-14 12:21:57.933062,68,269,31
517,2025-10-14 12:21:57.995155,2,4,2025-10-14 12:21:57.995158,125,269,31
518,2025-10-14 12:21:58.057438,2,1,2025-10-14 12:21:58.057441,135,269,31
519,2025-10-14 12:21:58.119709,2,381,2025-10-14 12:21:58.119712,184,269,31
520,2025-10-14 12:21:58.182301,2,219,2025-10-14 12:21:58.182304,185,269,31
521,2025-10-14 12:21:58.244669,2,1270,2025-10-14 12:21:58.244671,186,269,31
522,2025-10-14 12:21:58.306895,2,4551,2025-10-14 12:21:58.306898,57,269,31
523,2025-10-14 12:21:58.368995,2,37,2025-10-14 12:21:58.368997,187,269,31
524,2025-10-14 12:21:58.431147,2,325,2025-10-14 12:21:58.43115,188,269,31
525,2025-10-14 12:21:58.493561,2,438,2025-10-14 12:21:58.493563,189,269,31
628,2026-02-21 05:46:04.98411,1,36,2026-02-21 05:46:04.984113,101,276,42
629,2026-02-21 05:46:05.04775,1,2,2026-02-21 05:46:05.047752,107,276,42
630,2026-02-21 05:46:05.111342,1,22,2026-02-21 05:46:05.111344,143,276,42
631,2026-02-21 05:46:05.174935,1,150,2026-02-21 05:46:05.174937,121,276,42
526,2025-10-15 11:59:51.758808,3,82,2025-10-15 11:59:51.758812,101,269,32
527,2025-10-15 11:59:51.821312,3,134,2025-10-15 11:59:51.821315,113,269,32
528,2025-10-15 11:59:51.88373,3,20,2025-10-15 11:59:51.883733,110,269,32
529,2025-10-15 11:59:51.94634,3,40,2025-10-15 11:59:51.946343,190,269,32
530,2025-10-15 11:59:52.009076,3,57,2025-10-15 11:59:52.009079,191,269,32
531,2025-10-15 11:59:52.071856,3,43,2025-10-15 11:59:52.071859,49,269,32
532,2025-10-15 11:59:52.13447,3,100,2025-10-15 11:59:52.134473,192,269,32
533,2025-10-15 11:59:52.19691,3,13,2025-10-15 11:59:52.196912,107,269,32
534,2025-10-15 11:59:52.25951,3,28,2025-10-15 11:59:52.259513,144,269,32
535,2025-10-15 11:59:52.322108,3,1264,2025-10-15 11:59:52.322112,75,269,32
536,2025-10-15 11:59:52.384784,3,47,2025-10-15 11:59:52.384787,88,269,32
537,2025-10-15 11:59:52.44737,3,105,2025-10-15 11:59:52.447373,193,269,32
538,2025-10-15 11:59:52.509849,3,101,2025-10-15 11:59:52.509851,120,269,32
539,2025-10-15 11:59:52.572801,3,1832,2025-10-15 11:59:52.572806,68,269,32
540,2025-10-15 11:59:52.635228,3,270,2025-10-15 11:59:52.635231,121,269,32
541,2025-10-15 11:59:52.697761,3,8,2025-10-15 11:59:52.697764,100,269,32
542,2025-10-15 11:59:52.760228,3,2,2025-10-15 11:59:52.760231,194,269,32
543,2025-10-15 11:59:52.822695,3,36,2025-10-15 11:59:52.822698,195,269,32
544,2025-10-15 11:59:52.885243,3,13,2025-10-15 11:59:52.885246,196,269,32
545,2025-10-15 11:59:52.947745,3,755,2025-10-15 11:59:52.947748,117,269,32
546,2025-10-15 11:59:53.010211,3,3513,2025-10-15 11:59:53.010214,57,269,32
547,2025-10-15 11:59:53.072773,3,226,2025-10-15 11:59:53.072777,59,269,32
548,2025-10-15 11:59:53.135487,3,54921,2025-10-15 11:59:53.135489,2,269,32
549,2025-10-15 12:38:33.544809,1,20,2025-10-15 12:38:33.544812,101,270,33
550,2025-10-15 12:38:33.607055,1,60,2025-10-15 12:38:33.607057,106,270,33
551,2025-10-15 12:38:33.669176,1,500,2025-10-15 12:38:33.669179,2,270,33
552,2025-10-15 12:38:33.731293,1,100,2025-10-15 12:38:33.731296,117,270,33
553,2025-10-16 10:51:50.783605,1,82,2025-10-16 10:51:50.783608,101,271,34
554,2025-10-16 10:51:50.846513,1,134,2025-10-16 10:51:50.846515,113,271,34
555,2025-10-16 10:51:50.909219,1,20,2025-10-16 10:51:50.909221,110,271,34
556,2025-10-16 10:51:50.971965,1,40,2025-10-16 10:51:50.971967,190,271,34
557,2025-10-16 10:51:51.034986,1,57,2025-10-16 10:51:51.034989,191,271,34
558,2025-10-16 10:51:51.097875,1,43,2025-10-16 10:51:51.097877,49,271,34
559,2025-10-16 10:51:51.160756,1,100,2025-10-16 10:51:51.160758,192,271,34
560,2025-10-16 10:51:51.223449,1,13,2025-10-16 10:51:51.223452,107,271,34
561,2025-10-16 10:51:51.286224,1,28,2025-10-16 10:51:51.286227,144,271,34
562,2025-10-16 10:51:51.348963,1,1264,2025-10-16 10:51:51.348966,75,271,34
563,2025-10-16 10:51:51.411756,1,47,2025-10-16 10:51:51.411758,88,271,34
564,2025-10-16 10:51:51.474535,1,105,2025-10-16 10:51:51.474538,193,271,34
565,2025-10-16 10:51:51.537183,1,101,2025-10-16 10:51:51.537185,120,271,34
566,2025-10-16 10:51:51.599956,1,1832,2025-10-16 10:51:51.599959,68,271,34
567,2025-10-16 10:51:51.66266,1,270,2025-10-16 10:51:51.662663,121,271,34
568,2025-10-16 10:51:51.725351,1,8,2025-10-16 10:51:51.725354,100,271,34
569,2025-10-16 10:51:51.788213,1,2,2025-10-16 10:51:51.788216,194,271,34
570,2025-10-16 10:51:51.851077,1,36,2025-10-16 10:51:51.85108,195,271,34
571,2025-10-16 10:51:51.913795,1,13,2025-10-16 10:51:51.913797,196,271,34
572,2025-10-16 10:51:51.976637,1,755,2025-10-16 10:51:51.976639,117,271,34
573,2025-10-16 10:51:52.039418,1,3513,2025-10-16 10:51:52.039421,57,271,34
574,2025-10-16 10:51:52.102255,1,226,2025-10-16 10:51:52.102258,59,271,34
575,2025-10-16 10:51:52.165025,1,54921,2025-10-16 10:51:52.165027,2,271,34
599,2026-02-20 10:49:20.961861,1,45,2026-02-20 10:49:20.961864,101,280,41
600,2026-02-20 10:49:21.024174,1,436,2026-02-20 10:49:21.024176,8,280,41
601,2026-02-20 10:49:21.086152,1,18,2026-02-20 10:49:21.086154,227,280,41
602,2026-02-20 10:49:21.148098,1,6,2026-02-20 10:49:21.148101,228,280,41
603,2026-02-20 10:49:21.209891,1,23,2026-02-20 10:49:21.209894,229,280,41
604,2026-02-20 10:49:21.272226,1,177,2026-02-20 10:49:21.272228,112,280,41
605,2026-02-20 10:49:21.334206,1,348,2026-02-20 10:49:21.334212,192,280,41
606,2026-02-20 10:49:21.396082,1,2482,2026-02-20 10:49:21.396084,76,280,41
607,2026-02-20 10:49:21.457947,1,88,2026-02-20 10:49:21.457953,2,280,41
608,2026-02-20 10:49:57.479148,1,42,2026-02-20 10:49:57.47915,101,279,40
609,2026-02-20 10:49:57.541524,1,448,2026-02-20 10:49:57.541526,8,279,40
610,2026-02-20 10:49:57.603307,1,23,2026-02-20 10:49:57.60331,227,279,40
611,2026-02-20 10:49:57.665016,1,8,2026-02-20 10:49:57.665018,228,279,40
612,2026-02-20 10:49:57.726895,1,32,2026-02-20 10:49:57.726897,229,279,40
613,2026-02-20 10:49:57.788888,1,164,2026-02-20 10:49:57.78889,112,279,40
405,2025-10-08 05:59:35.471326,1,64,2025-10-08 05:59:35.471329,101,265,28
406,2025-10-08 05:59:35.534522,1,52,2025-10-08 05:59:35.534525,113,265,28
407,2025-10-08 05:59:35.597349,1,3,2025-10-08 05:59:35.597352,110,265,28
408,2025-10-08 05:59:35.660194,1,5,2025-10-08 05:59:35.660198,107,265,28
409,2025-10-08 05:59:35.723439,1,666,2025-10-08 05:59:35.723443,75,265,28
410,2025-10-08 05:59:35.786318,1,52,2025-10-08 05:59:35.786322,88,265,28
411,2025-10-08 05:59:35.849301,1,28,2025-10-08 05:59:35.849305,120,265,28
412,2025-10-08 05:59:35.912256,1,473,2025-10-08 05:59:35.912259,68,265,28
413,2025-10-08 05:59:35.975239,1,175,2025-10-08 05:59:35.975242,121,265,28
414,2025-10-08 05:59:36.038178,1,164,2025-10-08 05:59:36.038186,117,265,28
415,2025-10-08 05:59:36.101068,1,7,2025-10-08 05:59:36.101072,59,265,28
416,2025-10-08 05:59:36.163952,1,15414,2025-10-08 05:59:36.163955,2,265,28
417,2025-10-08 05:59:36.227029,1,10,2025-10-08 05:59:36.227033,48,265,28
418,2025-10-08 05:59:36.290105,1,10,2025-10-08 05:59:36.290109,198,265,28
419,2025-10-08 05:59:36.353715,1,5,2025-10-08 05:59:36.353718,140,265,28
420,2025-10-08 05:59:36.417067,1,10,2025-10-08 05:59:36.41707,54,265,28
421,2025-10-08 05:59:36.480164,1,84,2025-10-08 05:59:36.480168,112,265,28
422,2025-10-08 05:59:36.543301,1,8,2025-10-08 05:59:36.543306,199,265,28
423,2025-10-08 05:59:36.606246,1,24,2025-10-08 05:59:36.60625,200,265,28
424,2025-10-08 05:59:36.668978,1,53,2025-10-08 05:59:36.668982,201,265,28
425,2025-10-08 05:59:36.731798,1,8,2025-10-08 05:59:36.731803,51,265,28
426,2025-10-08 05:59:36.79569,1,4,2025-10-08 05:59:36.795694,73,265,28
427,2025-10-08 05:59:36.858546,1,90,2025-10-08 05:59:36.85855,72,265,28
428,2025-10-08 05:59:36.921615,1,45,2025-10-08 05:59:36.921619,184,265,28
429,2025-10-08 05:59:36.98482,1,52,2025-10-08 05:59:36.984825,70,265,28
430,2025-10-08 05:59:37.048081,1,72,2025-10-08 05:59:37.048084,58,265,28
431,2025-10-08 05:59:37.111144,1,720,2025-10-08 05:59:37.111149,57,265,28
432,2025-10-08 05:59:37.174229,1,20,2025-10-08 05:59:37.174233,203,265,28
433,2025-10-08 05:59:37.237181,1,320,2025-10-08 05:59:37.237186,8,265,28
434,2025-10-08 05:59:37.300233,1,1930,2025-10-08 05:59:37.300237,16,265,28
435,2025-10-08 05:59:37.363385,1,1931,2025-10-08 05:59:37.363389,5,265,28
436,2025-10-08 05:59:37.426347,1,117,2025-10-08 05:59:37.426354,9,265,28
437,2025-10-08 05:59:37.489498,1,220,2025-10-08 05:59:37.489502,204,265,28
438,2025-10-08 05:59:37.5525,1,2600,2025-10-08 05:59:37.552504,15,265,28
439,2025-10-08 05:59:37.615453,1,294,2025-10-08 05:59:37.615457,12,265,28
440,2025-10-08 05:59:37.678343,1,24,2025-10-08 05:59:37.678347,11,265,28
441,2025-10-08 05:59:37.741363,1,172,2025-10-08 05:59:37.741373,23,265,28
442,2025-10-08 05:59:37.804123,1,105,2025-10-08 05:59:37.804127,35,265,28
443,2025-10-08 05:59:37.86704,1,53,2025-10-08 05:59:37.867044,21,265,28
444,2025-10-08 05:59:37.929941,1,203,2025-10-08 05:59:37.929945,31,265,28
445,2025-10-08 05:59:37.992827,1,154,2025-10-08 05:59:37.992831,42,265,28
446,2025-10-08 05:59:38.056225,1,35,2025-10-08 05:59:38.05623,43,265,28
447,2025-10-08 05:59:38.119361,1,68,2025-10-08 05:59:38.119365,30,265,28
448,2025-10-08 05:59:38.182258,1,66,2025-10-08 05:59:38.182263,29,265,28
449,2025-10-08 05:59:38.245023,1,68,2025-10-08 05:59:38.245027,28,265,28
450,2025-10-08 05:59:38.307937,1,11,2025-10-08 05:59:38.307941,148,265,28
451,2025-10-08 05:59:38.37092,1,52,2025-10-08 05:59:38.370923,165,265,28
452,2025-10-08 05:59:38.434071,1,63,2025-10-08 05:59:38.434075,151,265,28
453,2025-10-08 05:59:38.496948,1,60,2025-10-08 05:59:38.496952,205,265,28
454,2025-10-08 05:59:38.559778,1,60,2025-10-08 05:59:38.559783,149,265,28
455,2025-10-08 05:59:38.622722,1,1582,2025-10-08 05:59:38.622726,34,265,28
456,2025-10-08 05:59:38.685764,1,20886,2025-10-08 05:59:38.685768,152,265,28
457,2025-10-08 05:59:38.748829,1,260,2025-10-08 05:59:38.748833,153,265,28
458,2025-10-08 05:59:38.811694,1,16,2025-10-08 05:59:38.811698,144,265,28
459,2025-10-08 05:59:38.874656,1,3,2025-10-08 05:59:38.87466,207,265,28
460,2025-10-08 05:59:38.937425,1,1918,2025-10-08 05:59:38.937429,208,265,28
461,2025-10-08 05:59:39.000493,1,97,2025-10-08 05:59:39.000522,10,265,28
462,2025-10-08 05:59:39.06354,1,130,2025-10-08 05:59:39.063544,166,265,28
463,2025-10-08 05:59:39.126297,1,5,2025-10-08 05:59:39.126301,209,265,28
464,2025-10-08 05:59:39.189096,1,17,2025-10-08 05:59:39.1891,156,265,28
465,2025-10-08 05:59:39.251868,1,3,2025-10-08 05:59:39.251872,157,265,28
466,2025-10-08 05:59:39.314671,1,17,2025-10-08 05:59:39.314675,158,265,28
467,2025-10-08 05:59:39.378191,1,54,2025-10-08 05:59:39.378195,36,265,28
576,2025-10-16 10:55:34.271685,1,82,2025-10-16 10:55:34.271687,101,272,35
577,2025-10-16 10:55:34.333567,1,134,2025-10-16 10:55:34.333569,113,272,35
578,2025-10-16 10:55:34.395408,1,20,2025-10-16 10:55:34.39541,110,272,35
579,2025-10-16 10:55:34.457579,1,40,2025-10-16 10:55:34.457582,190,272,35
580,2025-10-16 10:55:34.519517,1,57,2025-10-16 10:55:34.51952,191,272,35
581,2025-10-16 10:55:34.581538,1,43,2025-10-16 10:55:34.581543,49,272,35
582,2025-10-16 10:55:34.643471,1,100,2025-10-16 10:55:34.643473,192,272,35
583,2025-10-16 10:55:34.705478,1,13,2025-10-16 10:55:34.705481,107,272,35
584,2025-10-16 10:55:34.767407,1,28,2025-10-16 10:55:34.76741,144,272,35
585,2025-10-16 10:55:34.830086,1,1264,2025-10-16 10:55:34.830088,75,272,35
586,2025-10-16 10:55:34.892036,1,47,2025-10-16 10:55:34.892039,88,272,35
587,2025-10-16 10:55:34.954072,1,105,2025-10-16 10:55:34.954075,193,272,35
588,2025-10-16 10:55:35.015954,1,101,2025-10-16 10:55:35.015957,120,272,35
589,2025-10-16 10:55:35.077932,1,1832,2025-10-16 10:55:35.077934,68,272,35
590,2025-10-16 10:55:35.139833,1,270,2025-10-16 10:55:35.139835,121,272,35
591,2025-10-16 10:55:35.201823,1,8,2025-10-16 10:55:35.201826,100,272,35
592,2025-10-16 10:55:35.263723,1,2,2025-10-16 10:55:35.263726,194,272,35
593,2025-10-16 10:55:35.325764,1,36,2025-10-16 10:55:35.325767,195,272,35
594,2025-10-16 10:55:35.388108,1,13,2025-10-16 10:55:35.38811,196,272,35
595,2025-10-16 10:55:35.450154,1,755,2025-10-16 10:55:35.450156,117,272,35
596,2025-10-16 10:55:35.512076,1,3513,2025-10-16 10:55:35.512078,57,272,35
597,2025-10-16 10:55:35.573993,1,226,2025-10-16 10:55:35.573996,59,272,35
598,2025-10-16 10:55:35.635864,1,54921,2025-10-16 10:55:35.635867,2,272,35
614,2026-02-20 10:49:57.851149,1,345,2026-02-20 10:49:57.851151,192,279,40
615,2026-02-20 10:49:57.913466,1,2500,2026-02-20 10:49:57.913469,76,279,40
616,2026-02-20 10:49:57.975391,1,16846,2026-02-20 10:49:57.975394,2,279,40
617,2026-02-20 10:49:58.037314,1,56,2026-02-20 10:49:58.037316,230,279,40
618,2026-02-20 10:49:58.099184,1,2,2026-02-20 10:49:58.099187,98,279,40
619,2026-02-20 10:50:19.273316,1,44,2026-02-20 10:50:19.273319,101,278,39
620,2026-02-20 10:50:19.335138,1,512,2026-02-20 10:50:19.33514,8,278,39
621,2026-02-20 10:50:19.397105,1,11,2026-02-20 10:50:19.397107,227,278,39
622,2026-02-20 10:50:19.458969,1,9,2026-02-20 10:50:19.458972,228,278,39
623,2026-02-20 10:50:19.520932,1,30,2026-02-20 10:50:19.520934,229,278,39
624,2026-02-20 10:50:19.582872,1,167,2026-02-20 10:50:19.582874,112,278,39
625,2026-02-20 10:50:19.645024,1,261,2026-02-20 10:50:19.645026,192,278,39
626,2026-02-20 10:50:19.706839,1,2814,2026-02-20 10:50:19.706841,76,278,39
627,2026-02-20 10:50:19.768847,1,16637,2026-02-20 10:50:19.768849,2,278,39
632,2026-02-21 05:46:05.238383,1,68,2026-02-21 05:46:05.238385,231,276,42
633,2026-02-21 05:46:05.301967,1,12,2026-02-21 05:46:05.301969,232,276,42
634,2026-02-21 05:46:05.36562,1,12,2026-02-21 05:46:05.365622,54,276,42
635,2026-02-21 05:46:05.429203,1,12,2026-02-21 05:46:05.429205,178,276,42
636,2026-02-21 05:46:05.492653,1,152,2026-02-21 05:46:05.492656,233,276,42
637,2026-02-21 05:46:05.556281,1,40,2026-02-21 05:46:05.556291,58,276,42
638,2026-02-21 05:46:05.619654,1,4,2026-02-21 05:46:05.619656,175,276,42
639,2026-02-21 05:46:05.683153,1,10823,2026-02-21 05:46:05.683155,2,276,42
640,2026-02-21 05:46:05.746842,1,248,2026-02-21 05:46:05.746844,4,276,42
641,2026-02-21 05:46:05.81069,1,28,2026-02-21 05:46:05.810692,113,276,42
642,2026-02-21 05:46:05.878998,1,35,2026-02-21 05:46:05.879001,185,276,42
643,2026-02-21 05:46:05.942457,1,24,2026-02-21 05:46:05.94246,49,276,42
644,2026-02-21 05:46:06.006346,1,8,2026-02-21 05:46:06.006348,48,276,42
645,2026-02-21 05:46:06.070168,1,14,2026-02-21 05:46:06.070171,234,276,42
646,2026-02-21 05:46:06.134464,1,10,2026-02-21 05:46:06.134466,88,276,42
647,2026-02-21 05:46:06.198029,1,12,2026-02-21 05:46:06.198031,120,276,42
648,2026-02-21 05:46:06.261607,1,56,2026-02-21 05:46:06.261609,184,276,42
649,2026-02-21 05:46:06.325366,1,96,2026-02-21 05:46:06.325369,211,276,42
650,2026-02-21 05:46:06.388955,1,526,2026-02-21 05:46:06.388957,57,276,42
651,2026-02-21 05:46:06.452457,1,396,2026-02-21 05:46:06.45246,68,276,42
652,2026-02-21 05:46:06.516038,1,104,2026-02-21 05:46:06.51604,83,276,42
653,2026-02-21 05:46:06.579581,1,14,2026-02-21 05:46:06.579583,55,276,42
654,2026-02-26 05:32:22.513989,2,44,2026-02-26 05:32:22.513992,101,278,43
655,2026-02-26 05:32:22.576922,2,167,2026-02-26 05:32:22.576924,112,278,43
656,2026-02-26 05:32:22.640418,2,261,2026-02-26 05:32:22.64042,192,278,43
657,2026-02-26 05:32:22.703337,2,2814,2026-02-26 05:32:22.703339,76,278,43
658,2026-02-26 05:32:22.766359,2,16637,2026-02-26 05:32:22.766361,2,278,43
659,2026-02-26 05:32:22.829394,2,6,2026-02-26 05:32:22.829397,98,278,43
660,2026-02-26 05:32:22.892232,2,5,2026-02-26 05:32:22.892235,75,278,43
661,2026-03-03 11:34:31.080114,2,45,2026-03-03 11:34:31.080116,101,280,45
662,2026-03-03 11:34:31.143461,2,177,2026-03-03 11:34:31.143463,112,280,45
663,2026-03-03 11:34:31.206737,2,348,2026-03-03 11:34:31.20674,192,280,45
664,2026-03-03 11:34:31.270185,2,2482,2026-03-03 11:34:31.270187,76,280,45
665,2026-03-03 11:34:31.333336,2,16357,2026-03-03 11:34:31.333338,2,280,45
666,2026-03-03 11:34:40.383853,2,42,2026-03-03 11:34:40.383855,101,279,44
667,2026-03-03 11:34:40.447108,2,164,2026-03-03 11:34:40.44711,112,279,44
668,2026-03-03 11:34:40.510567,2,345,2026-03-03 11:34:40.51057,192,279,44
669,2026-03-03 11:34:40.573858,2,2500,2026-03-03 11:34:40.57386,76,279,44
670,2026-03-03 11:34:40.637151,2,16846,2026-03-03 11:34:40.637153,2,279,44
671,2026-03-03 11:34:40.700459,2,2,2026-03-03 11:34:40.700461,98,279,44
672,2026-03-03 11:43:47.263745,1,44,2026-03-03 11:43:47.263748,101,281,46
673,2026-03-03 11:43:47.34245,1,434,2026-03-03 11:43:47.342452,8,281,46
674,2026-03-03 11:43:47.406106,1,147,2026-03-03 11:43:47.406108,112,281,46
675,2026-03-03 11:43:47.469722,1,167,2026-03-03 11:43:47.469724,192,281,46
676,2026-03-03 11:43:47.53374,1,2441,2026-03-03 11:43:47.533742,76,281,46
677,2026-03-03 11:43:47.597474,1,14315,2026-03-03 11:43:47.597476,2,281,46
678,2026-03-03 11:43:47.661283,1,6,2026-03-03 11:43:47.661286,98,281,46
