project_id,user_id,created_at,end_date,role_id,start_date,status,updated_at
250,321,2025-05-15 04:05:57.502507,,3,2025-05-15 04:05:57.502501,active,2025-05-15 04:05:57.502507
251,322,2025-05-15 04:09:49.697649,,3,2025-05-15 04:09:49.697645,active,2025-05-15 04:09:49.697649
252,321,2025-05-15 04:17:15.159039,,3,2025-05-15 04:17:15.159036,active,2025-05-15 04:17:15.159039
252,315,2025-05-15 04:17:15.159045,,2,2025-05-15 04:17:15.159044,active,2025-05-15 04:17:15.159045
253,321,2025-05-15 04:30:46.990443,,3,2025-05-15 04:30:46.99044,active,2025-05-15 04:30:46.990443
253,317,2025-05-15 04:30:46.990448,,2,2025-05-15 04:30:46.990448,active,2025-05-15 04:30:46.990448
254,321,2025-05-15 04:31:46.689253,,3,2025-05-15 04:31:46.68925,active,2025-05-15 04:31:46.689253
254,317,2025-05-23 06:13:36.10107,,2,2025-05-23 06:13:36.101069,active,2025-05-23 06:13:36.10107
254,318,2025-05-15 04:31:46.689257,2025-05-23 06:13:36.101063,2,2025-05-15 04:31:46.689257,inactive,2025-05-23 06:13:36.173287
250,320,2025-05-15 04:05:57.502513,2025-05-29 07:34:38.944344,4,2025-05-15 04:05:57.502513,inactive,2025-05-29 07:34:39.008662
256,321,2025-05-31 05:57:59.772597,,3,2025-05-31 05:57:59.772594,active,2025-05-31 05:57:59.772598
256,336,2025-05-31 05:57:59.772601,,2,2025-05-31 05:57:59.772601,active,2025-05-31 05:57:59.772602
257,321,2025-05-31 05:59:29.072658,,3,2025-05-31 05:59:29.072655,active,2025-05-31 05:59:29.072659
257,336,2025-05-31 05:59:29.072663,,2,2025-05-31 05:59:29.072663,active,2025-05-31 05:59:29.072664
258,321,2025-06-02 08:16:34.751449,,3,2025-06-02 08:16:34.751446,active,2025-06-02 08:16:34.75145
258,337,2025-06-02 08:16:34.751454,,2,2025-06-02 08:16:34.751454,active,2025-06-02 08:16:34.751454
251,319,2025-05-15 04:09:49.697654,2025-06-04 09:47:39.078238,2,2025-05-15 04:09:49.697653,inactive,2025-06-04 09:47:39.141658
250,357,2025-10-08 04:25:26.726917,,4,2025-10-08 04:25:26.726916,active,2025-10-08 04:25:26.726918
250,318,2025-06-04 09:51:11.550114,2025-06-04 12:26:32.168166,2,2025-06-04 09:51:11.550113,inactive,2025-06-04 12:26:32.232563
250,314,2025-06-17 13:43:56.832778,2025-10-08 04:25:26.72691,4,2025-06-17 13:43:56.832778,inactive,2025-10-08 04:25:26.789996
250,333,2025-05-29 07:34:38.944346,2025-06-17 13:43:56.832776,4,2025-05-29 07:34:38.944346,inactive,2025-06-17 13:43:56.896268
250,316,2025-07-09 04:19:49.665532,2025-07-09 04:20:26.599556,2,2025-07-09 04:19:49.665532,inactive,2025-07-09 04:20:26.662255
250,315,2025-05-15 04:05:57.502516,,2,2025-07-09 04:20:26.599558,active,2025-07-09 04:20:26.662265
251,339,2025-07-10 10:42:15.859549,,2,2025-07-10 10:42:15.859548,active,2025-07-10 10:42:15.859549
251,318,2025-06-04 09:47:39.078246,2025-07-10 10:42:15.859547,2,2025-06-04 09:47:39.078245,inactive,2025-07-10 10:42:15.92513
252,320,2025-05-15 04:17:15.159042,2025-07-17 05:19:32.244629,4,2025-05-15 04:17:15.159042,inactive,2025-07-17 05:19:32.31093
260,321,2025-08-29 11:59:19.949884,,3,2025-08-29 11:59:19.949876,active,2025-08-29 11:59:19.949884
260,337,2025-08-29 11:59:19.949892,2025-08-29 12:02:05.141562,2,2025-08-29 11:59:19.949892,inactive,2025-08-29 12:02:05.207249
271,321,2025-10-16 10:45:22.56025,,3,2025-10-16 10:45:22.560247,active,2025-10-16 10:45:22.56025
274,367,2026-02-12 09:26:34.422747,2026-02-12 09:30:54.081777,4,2026-02-12 09:26:34.422746,inactive,2026-02-12 09:30:54.144937
265,322,2025-09-17 08:00:12.283238,2025-09-19 10:18:41.084476,3,2025-09-17 08:00:12.283235,inactive,2025-09-19 10:18:41.147411
260,335,2025-08-29 11:59:19.94989,2025-09-19 10:53:18.224552,4,2025-08-29 11:59:19.94989,inactive,2025-09-19 10:53:18.287122
252,334,2025-07-17 05:19:32.244631,2025-10-13 10:17:07.008618,4,2025-07-17 05:19:32.244631,inactive,2025-10-13 10:17:07.135172
266,331,2025-09-17 09:19:41.253412,2025-10-14 10:53:53.109584,3,2025-09-17 09:19:41.253408,inactive,2025-10-14 10:53:53.235092
266,353,2025-09-17 09:19:41.253415,2025-10-14 10:53:53.109591,4,2025-09-17 09:19:41.253414,inactive,2025-10-14 10:53:53.23513
266,352,2025-10-14 10:53:53.109587,2025-10-14 11:16:59.678352,3,2025-10-14 10:53:53.109586,inactive,2025-10-14 11:16:59.741506
269,321,2025-10-14 11:28:00.692562,2026-02-24 09:49:32.700566,3,2025-10-14 11:28:00.692559,inactive,2026-02-24 09:49:32.886467
270,321,2025-10-15 12:30:52.771802,,3,2025-10-15 12:30:52.771799,active,2025-10-15 12:30:52.771802
266,363,2025-10-14 10:59:45.448633,2025-10-15 12:31:35.293118,2,2025-10-14 10:59:45.448633,inactive,2025-10-15 12:31:35.356408
269,363,2025-10-14 11:28:00.692567,2026-02-24 09:49:32.700573,2,2025-10-14 11:28:00.692567,inactive,2026-02-24 09:49:32.886504
270,359,2025-10-15 12:30:52.771806,2025-10-15 12:31:52.792002,2,2025-10-15 12:30:52.771806,inactive,2025-10-15 12:31:52.856171
271,345,2025-10-16 10:45:22.560254,,2,2025-10-16 10:45:22.560254,active,2025-10-16 10:45:22.560254
272,321,2025-10-16 10:46:46.144444,,3,2025-10-16 10:46:46.14444,active,2025-10-16 10:46:46.144444
272,340,2025-10-16 10:46:46.14445,,2,2025-10-16 10:46:46.144449,active,2025-10-16 10:46:46.14445
260,356,2025-09-19 10:18:13.294083,2025-12-16 10:30:43.803235,2,2025-09-19 10:18:13.294083,inactive,2025-12-16 10:30:43.929558
260,345,2025-08-29 12:02:05.141566,,2,2025-12-16 10:30:44.055614,active,2025-12-16 10:30:44.118561
270,363,2025-10-15 12:31:52.792005,2026-01-07 10:31:11.139292,2,2025-10-15 12:31:52.792004,inactive,2026-01-07 10:31:11.267904
270,348,2026-01-07 10:31:11.399906,,2,2026-01-07 10:31:11.399914,active,2026-01-07 10:31:11.399908
273,321,2026-01-07 11:41:37.689409,,3,2026-01-07 11:41:37.689392,active,2026-01-07 11:41:37.689409
273,363,2026-01-07 11:52:45.203676,,2,2026-01-07 11:52:45.203676,active,2026-01-07 11:52:45.203677
273,340,2026-01-07 11:41:37.689414,2026-01-07 11:52:45.203673,2,2026-01-07 11:41:37.689413,inactive,2026-01-07 11:52:45.266755
273,355,2026-01-09 11:10:30.082827,,4,2026-01-09 11:10:30.082826,active,2026-01-09 11:10:30.082827
273,365,2026-01-07 11:41:37.689412,2026-01-09 11:10:30.082824,4,2026-01-07 11:41:37.689412,inactive,2026-01-09 11:10:30.149105
266,314,2025-10-14 10:53:53.109592,2026-02-07 07:47:28.918095,4,2025-10-14 10:53:53.109592,inactive,2026-02-07 07:47:28.982632
265,332,2025-09-19 10:18:41.084478,2026-02-10 06:03:31.65678,3,2025-09-19 10:18:41.084478,inactive,2026-02-10 06:03:31.784114
265,334,2026-02-10 06:03:31.910232,,3,2026-02-10 06:03:31.910257,active,2026-02-10 06:03:31.910236
269,314,2025-10-14 11:28:00.692566,2026-02-11 09:29:14.653005,4,2025-10-14 11:28:00.692565,inactive,2026-02-11 09:29:14.721049
274,362,2026-02-12 09:26:34.422742,,3,2026-02-12 09:26:34.422737,active,2026-02-12 09:26:34.422743
274,368,2026-02-12 09:30:54.081781,,4,2026-02-12 09:30:54.081779,active,2026-02-12 09:30:54.081781
272,368,2026-02-12 09:32:44.051514,,4,2026-02-12 09:32:44.051513,active,2026-02-12 09:32:44.051514
272,314,2025-10-16 10:46:46.144448,2026-02-12 09:32:44.051511,4,2025-10-16 10:46:46.144448,inactive,2026-02-12 09:32:44.115119
275,362,2026-02-12 09:37:15.528128,,3,2026-02-12 09:37:15.528123,active,2026-02-12 09:37:15.528129
277,362,2026-02-12 09:37:15.535783,,3,2026-02-12 09:37:15.535779,active,2026-02-12 09:37:15.535783
277,368,2026-02-12 09:37:15.535786,,4,2026-02-12 09:37:15.535785,active,2026-02-12 09:37:15.53581
275,340,2026-02-12 09:37:15.528134,,2,2026-02-12 09:37:15.528134,active,2026-02-12 09:37:15.528135
268,359,2025-10-08 09:45:12.346289,2026-02-12 09:41:18.405322,2,2025-10-08 09:45:12.346288,inactive,2026-02-12 09:41:18.533576
268,348,2026-02-12 09:41:18.66219,,2,2026-02-12 09:41:18.662199,active,2026-02-12 09:41:18.662194
268,360,2025-10-08 09:45:12.346287,2026-02-12 09:41:42.160475,4,2025-10-08 09:45:12.346286,inactive,2026-02-12 09:41:42.288581
268,347,2026-02-12 09:41:42.41749,,4,2026-02-12 09:41:42.417497,active,2026-02-12 09:41:42.417492
274,316,2026-02-12 09:26:34.42275,2026-02-12 09:42:25.482974,2,2026-02-12 09:26:34.422749,inactive,2026-02-12 09:42:25.610983
274,351,2026-02-12 09:42:25.739643,,2,2026-02-12 09:42:25.739651,active,2026-02-12 09:42:25.739646
265,316,2025-09-17 08:00:12.283242,2026-02-12 09:42:33.531499,2,2025-09-17 08:00:12.283242,inactive,2026-02-12 09:42:33.655953
265,351,2026-02-12 09:42:33.780651,,2,2026-02-12 09:42:33.780659,active,2026-02-12 09:42:33.780653
253,314,2025-05-15 04:30:46.990446,2026-02-12 09:44:12.236962,4,2025-05-15 04:30:46.990446,inactive,2026-02-12 09:44:12.364944
253,347,2026-02-12 09:44:12.493578,,4,2026-02-12 09:44:12.493586,active,2026-02-12 09:44:12.493581
254,314,2025-05-15 04:31:46.689256,2026-02-12 09:44:31.840052,4,2025-05-15 04:31:46.689256,inactive,2026-02-12 09:44:31.965713
260,314,2025-09-19 10:53:18.224555,2026-02-12 09:47:10.838971,4,2025-09-19 10:53:18.224554,inactive,2026-02-12 09:47:10.96689
265,314,2025-09-17 08:00:12.28324,2026-02-12 09:47:17.471523,4,2025-09-17 08:00:12.28324,inactive,2026-02-12 09:47:17.59603
251,314,2025-05-15 04:09:49.697652,2026-02-12 09:47:31.882304,4,2025-05-15 04:09:49.697651,inactive,2026-02-12 09:47:32.006135
271,314,2025-10-16 10:45:22.560253,2026-02-12 09:47:37.860873,4,2025-10-16 10:45:22.560252,inactive,2026-02-12 09:47:37.986731
268,361,2025-10-08 09:45:12.346283,2026-02-12 09:48:01.01861,3,2025-10-08 09:45:12.346279,inactive,2026-02-12 09:48:01.146564
257,335,2025-05-31 05:59:29.072662,2026-02-12 09:50:14.492174,4,2025-05-31 05:59:29.072662,inactive,2026-02-12 09:50:14.638163
258,335,2025-06-02 08:16:34.751452,2026-02-12 09:50:19.942943,4,2025-06-02 08:16:34.751452,inactive,2026-02-12 09:50:20.07099
275,368,2026-02-12 09:37:15.528132,2026-02-12 10:10:26.569827,4,2026-02-12 09:37:15.528132,inactive,2026-02-12 10:10:26.634582
276,368,2026-02-12 09:37:15.534745,2026-02-17 06:16:33.226646,4,2026-02-12 09:37:15.534744,inactive,2026-02-17 06:16:33.293617
266,321,2025-10-14 11:19:29.261199,2026-02-20 07:21:50.540177,3,2025-10-14 11:19:29.261199,inactive,2026-02-20 07:21:50.744491
269,367,2026-02-11 09:29:14.653014,2026-02-24 09:49:32.700578,4,2026-02-11 09:29:14.65301,inactive,2026-02-24 09:49:32.886519
277,340,2026-02-12 09:37:15.535812,2026-03-02 10:30:34.295267,2,2026-02-12 09:37:15.535812,inactive,2026-03-02 10:30:34.357882
276,340,2026-02-12 09:37:15.534748,2026-03-03 11:54:39.934391,2,2026-02-12 09:37:15.534747,inactive,2026-03-03 11:54:40.063744
252,314,2025-10-13 10:17:07.261973,2026-02-12 09:44:21.308562,4,2025-10-13 10:17:07.262009,inactive,2026-02-12 09:44:21.436581
252,368,2026-02-12 09:44:21.565536,,4,2026-02-12 09:44:21.565543,active,2026-02-12 09:44:21.565538
254,347,2026-02-12 09:44:32.10013,,4,2026-02-12 09:44:32.100137,active,2026-02-12 09:44:32.100132
260,347,2026-02-12 09:47:11.097124,,4,2026-02-12 09:47:11.097131,active,2026-02-12 09:47:11.097126
265,341,2026-02-12 09:47:17.720653,,4,2026-02-12 09:47:17.72066,active,2026-02-12 09:47:17.720655
270,314,2025-10-15 12:30:52.771805,2026-02-12 09:47:25.025014,4,2025-10-15 12:30:52.771804,inactive,2026-02-12 09:47:25.153739
270,347,2026-02-12 09:47:25.282457,,4,2026-02-12 09:47:25.282464,active,2026-02-12 09:47:25.282459
251,368,2026-02-12 09:47:32.13084,,4,2026-02-12 09:47:32.130847,active,2026-02-12 09:47:32.130842
271,347,2026-02-12 09:47:38.113087,,4,2026-02-12 09:47:38.113094,active,2026-02-12 09:47:38.113089
268,342,2026-02-12 09:48:01.276134,,3,2026-02-12 09:48:01.276141,active,2026-02-12 09:48:01.276136
256,335,2025-05-31 05:57:59.7726,2026-02-12 09:50:08.420612,4,2025-05-31 05:57:59.7726,inactive,2026-02-12 09:50:08.54853
256,347,2026-02-12 09:50:08.677063,,4,2026-02-12 09:50:08.677071,active,2026-02-12 09:50:08.677066
257,347,2026-02-12 09:50:14.764445,,4,2026-02-12 09:50:14.764453,active,2026-02-12 09:50:14.764448
258,347,2026-02-12 09:50:20.200109,,4,2026-02-12 09:50:20.200118,active,2026-02-12 09:50:20.200113
275,370,2026-02-12 10:10:26.569858,,4,2026-02-12 10:10:26.569857,active,2026-02-12 10:10:26.569858
276,334,2026-02-20 07:01:30.661047,,3,2026-02-20 07:01:30.661045,active,2026-02-20 07:01:30.661048
276,362,2026-02-12 09:37:15.534741,2026-02-20 07:01:30.661042,3,2026-02-12 09:37:15.534737,inactive,2026-02-20 07:01:30.723681
266,369,2026-02-20 07:21:50.540291,,2,2026-02-20 07:21:50.54029,active,2026-02-20 07:21:50.540291
266,319,2025-09-17 09:19:41.253416,2026-02-20 07:21:50.540289,2,2025-10-15 12:31:35.293121,inactive,2026-02-20 07:21:50.744527
266,355,2026-02-07 07:47:28.918097,2026-02-20 07:21:50.540293,4,2026-02-07 07:47:28.918097,inactive,2026-02-20 07:21:50.744543
266,334,2025-10-14 11:16:59.678354,,3,2026-02-20 07:21:50.540179,active,2026-02-20 07:21:50.744558
278,334,2026-02-20 07:23:10.697726,,3,2026-02-20 07:23:10.697722,active,2026-02-20 07:23:10.697726
278,367,2026-02-20 07:23:10.697729,,4,2026-02-20 07:23:10.697728,active,2026-02-20 07:23:10.697729
278,369,2026-02-20 07:23:10.69773,,2,2026-02-20 07:23:10.69773,active,2026-02-20 07:23:10.69773
279,334,2026-02-20 07:24:56.160068,,3,2026-02-20 07:24:56.160065,active,2026-02-20 07:24:56.160068
279,367,2026-02-20 07:24:56.160081,,4,2026-02-20 07:24:56.160081,active,2026-02-20 07:24:56.160082
279,371,2026-02-20 07:24:56.160083,,2,2026-02-20 07:24:56.160083,active,2026-02-20 07:24:56.160083
280,334,2026-02-20 07:25:50.367122,,3,2026-02-20 07:25:50.367118,active,2026-02-20 07:25:50.367122
280,367,2026-02-20 07:25:50.367125,,4,2026-02-20 07:25:50.367124,active,2026-02-20 07:25:50.367135
269,334,2026-02-24 09:49:32.700569,,3,2026-02-24 09:49:32.700568,active,2026-02-24 09:49:32.700569
269,339,2026-02-24 09:49:32.700575,,2,2026-02-24 09:49:32.700574,active,2026-02-24 09:49:32.700575
269,370,2026-02-24 09:49:32.700579,,4,2026-02-24 09:49:32.700579,active,2026-02-24 09:49:32.70058
266,370,2026-02-24 10:01:00.377268,2026-02-26 04:17:58.920546,4,2026-02-24 10:01:00.377267,inactive,2026-02-26 04:17:58.984552
280,363,2026-02-28 12:00:40.553525,,2,2026-02-28 12:00:40.553524,active,2026-02-28 12:00:40.553525
280,371,2026-02-20 07:25:50.367136,2026-02-28 12:00:40.553522,2,2026-02-20 07:25:50.367136,inactive,2026-02-28 12:00:40.61747
277,373,2026-03-02 10:30:34.29527,,2,2026-03-02 10:30:34.295269,active,2026-03-02 10:30:34.295271
266,376,2026-03-03 11:32:06.813179,,4,2026-03-03 11:32:06.813178,active,2026-03-03 11:32:06.813179
266,367,2026-02-20 07:21:50.540294,2026-03-03 11:32:06.813176,4,2026-02-26 04:17:58.920548,inactive,2026-03-03 11:32:06.878173
281,334,2026-03-03 11:39:44.680189,,3,2026-03-03 11:39:44.680186,active,2026-03-03 11:39:44.680189
281,376,2026-03-03 11:39:44.680192,,4,2026-03-03 11:39:44.680191,active,2026-03-03 11:39:44.680192
281,371,2026-03-03 11:39:44.680193,,2,2026-03-03 11:39:44.680193,active,2026-03-03 11:39:44.680194
276,373,2026-03-03 11:54:39.934393,,2,2026-03-03 11:54:39.934393,active,2026-03-03 11:54:39.934394
276,376,2026-03-03 11:54:39.934398,,4,2026-03-03 11:54:39.934398,active,2026-03-03 11:54:39.934398
276,367,2026-02-17 06:16:33.226648,2026-03-03 11:54:39.934397,4,2026-02-17 06:16:33.226648,inactive,2026-03-03 11:54:40.063774
